filename,bytes,sha256,preview_pages
"545472366-Compiler-Design-Notes.pdf",4009066,eb8fff45f4d4ff2b515c5545d17a282c8a8d40dab2e42affff103e4fe45c574b,156
"870524229-Advanced-Data-Structures-and-Algorithms-Notes.pdf",186101,09c219ba11801b2f267819bb56dc2f1bcc8e3e5c2686b0cb9555d4fab782d1b3,41
"Cloud Computing All Unit Notes.pdf",6534933,257c7d1364c46144ccc88a2db51fdc4c2d8d58378716d682610f3a1b87e72681,210
"computer graphics.pdf",16695892,f24b64986e41ba5aa8c3910eee81f7b073fee892327ae8a4161046fd35fe5f7e,108
"Computer Organization and Architecture.pdf",938101,06f12fc5b21cc16cd821cb58984392c6bf48cb01a517a31c1bdaa8b268ae701d,30
"Data Structures Handwritten Notes.pdf",13339784,2c2fdebbd58e0662172e9ee7e46740a3628e8d64bd8562a5514c21c6e2d61345,83
"Database Management System Notes PDF.pdf",4405869,eb7aa7885cffc04a47fce4c2932f5c2596d1ba769afc8a2690c6b8bce03ee452,108
"Design and Analysis of Algorithms DAA Notes.pdf",2724056,098d1c6a3b2cc62c6af0231c55cef2937b5c608c19101722d1bdccfa26b998a6,112
"Discrete Mathematics Notes PDF.pdf",11157308,1a14d131f6a2b8155d8bd60aa054c0707e3fa397c5aa5b2664a266c092edb1d7,82
"Distributed Systems Lecture Notes.pdf",4475226,ab6f62ca84f9a45549557f665b141d56f054938f3c55fb376b343c559d1535e8,57
"Engineering Mathematics I Lecture Notes.pdf",28330067,e54a6208865f754f296cdb134cbc4aa6a950f70ec0a83dab47b7a3a1c62f04a3,258
"Engineering Mathematics II.pdf",6819190,35b5b8336ba010087de3e7392898f1f7693b6d32d9d77c6428b55ec88dca95db,160
"Engineering-Mathematics-3.pdf",44699396,4b38863828c37ab1e32b94a066ce1cc60a57280360ce44eaf36d0cc0cc5d7994,382
"Human-Computer Interaction.pdf",328033,606ed09499af1763bbca2f79361951d012d6fd8b44e256fd0ffdb604d1c1e7a1,38
"Information Retrieval.pdf",566641,16acf25f5f95f69128caa3d8d3163cfd034c541e28f28f77fbb9fbefb73a43a5,153
"Java Object-Oriented Programming.pdf",2076751,6965ed62fbf9bcdf81b6952f5be2b8cad29b0b2be044d2feb0e65ed63ace2cff,91
"Java Programming Notes for B.Tech 2nd Sem.pdf",3062387,4bfb9fd40d520b509d93edd0564f1b0595e65189e6b05c2846fa5b3f310a34bf,127
"Operating System Handwritten Notes.pdf",9523943,b2b03886e3996e1a8c7b34d44db39963277bdace84b5e6b3767bbeb9cf96793d,78
"PROGRAMMING-FOR-PROBLEM-SOLVING-1.pdf",4425067,48ccbcb396104457a7a7ad10d35aeb2777a4a8c9733fcfb725df7e13003df6ca,182
"Python-Programming-A-Step-by-Step-Guide-For-Absolute-Beginners.pdf",2735084,7ad3207955af6019acd4991d09eb3e256c7597277e27af2ed43ec0239083a723,181
"quantum-computing-notes.pdf",6906378,8675a08c3912452710530e85b5fb664b41dc04e605855d165d12745bc1ad5a3d,16
"Theory of Computation Notes PDF.pdf",10299707,064b8fa57651ef5f124a1fe6d2ea8ff60a5a0f87db1c5f889fe8c0e5f8439356,62
